{"cameraMode":{"drawMode":0,"name":"Shaded","section":"Shading Mode"},"sceneLighting":true,"audioPlay":false,"sceneViewState":{"m_AlwaysRefresh":false,"showFog":true,"showSkybox":true,"showFlares":true,"showImageEffects":true,"showParticleSystems":true,"showVisualEffectGraphs":true,"m_FxEnabled":true},"in2DMode":false,"pivot":{"x":71.90706634521485,"y":26.810413360595704,"z":143.01771545410157},"rotation":{"x":0.08848266303539276,"y":-0.6647077202796936,"z":0.07974424213171005,"w":0.7375481128692627},"size":35.66709899902344,"orthographic":true}